id,intent,spelling,link,0,1,2,is_attack
0,0.550671036,0,0,0.955211937,0.022427827,0.022360178,0
1,0,0.917915001,0,0.925314903,0.037410468,0.037274573,1
2,0.864664717,0.864664717,0,0.90229398,0.048945632,0.048760384,1
3,0,0.39346934,0,0.932917118,0.033615366,0.033467509,1
4,0.981684361,0.39346934,0,0.925527394,0.037306674,0.037165914,1
5,0.998338443,0.917915001,0.63,0.952005804,0.024037868,0.023956312,1
6,0,0.864664717,0.05,0.93287766,0.0336225,0.033499856,0
7,0,0.632120559,0,0.92538023,0.037386477,0.037233323,1
8,0.798103482,0.39346934,0,0.955165446,0.022450415,0.022384172,1
9,0.550671036,0.864664717,0,0.955187619,0.022447208,0.022365211,0
10,0.939189937,0.864664717,0,0.915236115,0.042449027,0.042314883,1
11,0.998338443,0.77686984,0.63,0.902282476,0.048943225,0.048774306,1
12,0,0.632120559,0,0.925527692,0.037306421,0.037165884,0
13,0.864664717,0.632120559,0.99,0.948262811,0.025910463,0.025826741,1
14,0,0.632120559,0,0.948175192,0.025943797,0.025880985,1
15,0,0.864664717,0,0.925374031,0.037386578,0.037239313,1
16,0,0,0,0.943800151,0.02814387,0.028055983,1
17,0,0.864664717,0,0.932906985,0.033613376,0.033479635,0
18,0.550671036,0,0,0.955146849,0.022463826,0.022389341,0
19,0.909282047,0.39346934,0,0.925186396,0.037465811,0.037347768,0
20,0.550671036,0,0,0.932629704,0.033741191,0.03362906,0
21,0.864664717,0.39346934,0,0.948419869,0.025838217,0.025741933,1
22,0.798103482,0.632120559,0,0.925313234,0.037411895,0.03727486,0
23,0,0.632120559,0,0.932293177,0.033895336,0.033811525,1
24,0.550671036,0,0,0.938930869,0.0305929,0.03047622,0
25,0.550671036,0.632120559,0.06,0.93291539,0.033616956,0.033467606,0
26,0.864664717,0.917915001,0.05,0.924348533,0.037896,0.037755433,1
27,0.972676278,0.632120559,0,0.938913822,0.030589256,0.030496897,1
28,0.550671036,0,0,0.932930112,0.033587087,0.033482831,0
29,0,0.39346934,0,0.887748361,0.056211069,0.056040611,1
30,0.550671036,0.39346934,0,0.938987732,0.030566819,0.030445402,1
31,0,0,0,0.925384343,0.037383944,0.037231714,0
32,0.864664717,0.39346934,0,0.932907104,0.033609632,0.033483237,1
33,0.798103482,0.632120559,0,0.955187619,0.0224472,0.022365212,1
34,0.972676278,0.39346934,0,0.943941414,0.028064109,0.027994467,1
35,0.550671036,0.39346934,0,0.951847613,0.024110893,0.02404152,1
36,0.550671036,0.864664717,0,0.943857074,0.028107466,0.028035466,1
37,0.550671036,0,0,0.925343573,0.037389357,0.037267111,1
38,0.909282047,0.632120559,0,0.960435092,0.019815443,0.019749444,1
39,0.909282047,0.632120559,0,0.943938911,0.028075272,0.027985791,1
40,0.698805788,0,0,0.932798147,0.033667311,0.033534501,1
41,0,0.632120559,0,0.938818395,0.030651061,0.030530544,0
42,0,0.39346934,0,0.955121994,0.022472922,0.02240508,1
43,0,0,0,0.955121994,0.022472911,0.022405069,1
44,0.550671036,0,0,0.943869591,0.028112648,0.028017785,0
45,0.550671036,0,0,0.938818693,0.0306508,0.030530533,0
46,0.864664717,0.39346934,0,0.932904959,0.033611644,0.033483453,1
47,0.798103482,0.39346934,0,0.925437868,0.03735375,0.037208345,1
48,0.98772266,0.969802617,0.57,0.948162079,0.025953328,0.025884559,1
49,0,0.77686984,0,0.943956017,0.028058199,0.027985759,1
50,0.909282047,0.917915001,0,0.925323129,0.037404232,0.037272654,1
51,0,0.39346934,0,0.925527692,0.037306439,0.037165899,1
52,0.909282047,0.917915001,0,0.938709855,0.03069246,0.030597642,1
53,0.909282047,0.632120559,0.99,0.948064387,0.026001148,0.025934478,1
54,0.909282047,0.77686984,0,0.938872576,0.030609049,0.030518381,1
55,0.909282047,0.77686984,0,0.932877183,0.033623002,0.033499818,1
56,0.909282047,0,0,0.94817096,0.025946531,0.025882527,1
57,0,0.39346934,0,0.960434973,0.01981562,0.019749464,0
58,0.996302136,0,0,0.964535892,0.017761106,0.017702986,1
59,0,0.39346934,0,0.943869591,0.028112628,0.028017765,1
60,0,0.39346934,0,0.915910363,0.042115487,0.04197415,1
61,0.909282047,0.864664717,0,0.964535832,0.017761221,0.01770298,1
62,0,0,0,0.94392544,0.028090641,0.027983937,1
63,0.550671036,0,0,0.932356536,0.033881057,0.033762384,0
64,0.972676278,0.39346934,0,0.955226481,0.02242545,0.022348037,1
65,0.550671036,0.39346934,0,0.925129533,0.037509885,0.037360519,1
66,0.698805788,0.39346934,0,0.951893926,0.024093106,0.024012994,0
67,0,0.77686984,0,0.925391734,0.037386514,0.037221704,1
68,0.550671036,0.632120559,0,0.932916462,0.033616073,0.033467524,1
69,0,0.632120559,0,0.960408509,0.019830123,0.019761333,0
70,0.864664717,0.39346934,0,0.957577527,0.021241846,0.021180591,1
71,0.550671036,0,0,0.932775974,0.033677097,0.033546932,0
72,0.550671036,0.632120559,0,0.95514679,0.022463882,0.022389324,1
73,0.909282047,0.632120559,0,0.932890773,0.033622473,0.033486716,1
74,0.550671036,0.39346934,0,0.925527394,0.037306659,0.037165925,1
75,0,0.39346934,0,0.955187619,0.0224472,0.022365211,0
76,0.550671036,0,0,0.962676644,0.01869298,0.018630434,0
77,0.909282047,0.39346934,0,0.93291682,0.033615641,0.033467509,1
78,0,0.632120559,0,0.925128639,0.037487891,0.037383411,1
79,0.550671036,0.39346934,0,0.925527453,0.037306655,0.037165906,1
80,0,0.39346934,0,0.925527692,0.037306432,0.037165903,1
81,0.550671036,0.632120559,0,0.938989878,0.030571371,0.030438755,1
82,0.550671036,0.77686984,0,0.95514679,0.022463851,0.022389334,1
83,0.798103482,0,0,0.943956077,0.028058141,0.027985753,0
84,0,0.39346934,0,0.964583635,0.017737141,0.017679237,0
85,0.939189937,0.632120559,0,0.948362112,0.025870275,0.025767658,1
86,0.550671036,0.632120559,0,0.93293035,0.033586815,0.033482835,0
87,0.698805788,0.77686984,0,0.932905197,0.033611391,0.033483393,1
88,0.550671036,0.39346934,0,0.915720701,0.042221103,0.042058166,1
89,0.972676278,0.39346934,0,0.948419929,0.025838183,0.02574192,1
90,0.550671036,0,0,0.932629406,0.033741459,0.033629075,1
91,0.909282047,0.864664717,0,0.948171198,0.025953911,0.025874864,1
92,0.939189937,0.39346934,0,0.92552793,0.037306249,0.037165884,1
93,0.550671036,0.39346934,0,0.964399159,0.017826075,0.017774792,0
94,0,0.632120559,0,0.932908118,0.033610668,0.033481169,1
95,0,0,0,0.948162735,0.02595279,0.025884427,1
96,0,0.77686984,0,0.948162675,0.025952876,0.02588447,0
97,0.864664717,0.39346934,0,0.955224514,0.022425042,0.022350444,1
98,0.550671036,0.632120559,0,0.932890177,0.033616867,0.033493001,0
99,0.98772266,0.864664717,0,0.94351542,0.028280195,0.028204404,1
100,0,0.77686984,0,0.957631052,0.021215675,0.02115329,1
101,0,0.632120559,0,0.948420525,0.025837552,0.025741929,0
102,0,0.632120559,0,0.948419809,0.025838301,0.025741922,0
103,0.864664717,0.632120559,0,0.932818055,0.033648964,0.03353297,0
104,0.909282047,0.864664717,0,0.957948744,0.021061353,0.020989912,1
105,0,0.77686984,0,0.948364913,0.02586757,0.025767526,1
106,0.939189937,0,0,0.952005804,0.024037907,0.023956304,1
107,0.550671036,0.632120559,0,0.955144405,0.022462294,0.022393279,0
108,0.798103482,0.39346934,0,0.932843685,0.033645567,0.033510771,0
109,0,0.39346934,0,0.903961182,0.048109654,0.047929186,1
110,0,0.77686984,0,0.962403715,0.01882901,0.018767292,1
111,0,0.39346934,0,0.960180104,0.01993837,0.019881506,1
112,0.798103482,0.917915001,0,0.932663083,0.033724539,0.033612378,1
113,0.909282047,0.39346934,0,0.939040661,0.03054196,0.03041737,0
114,0.909282047,0.632120559,0.99,0.925438404,0.037353288,0.037208334,1
115,0.698805788,0,0,0.951973438,0.024051819,0.023974774,0
116,0.939189937,0.632120559,0,0.94386971,0.028112566,0.02801777,1
117,0.550671036,0,0,0.938739538,0.030676121,0.030584384,0
118,0.550671036,0.77686984,0,0.932713151,0.033699196,0.033587642,0
119,0,0,0,0.938980401,0.030567029,0.030452559,1
120,0.939189937,0.632120559,0,0.95205301,0.024019139,0.023927851,1
121,0.550671036,0.77686984,0,0.952005863,0.02403786,0.023956306,1
122,0.939189937,0.632120559,0,0.925390244,0.037387993,0.037221778,1
123,0,0.917915001,0,0.943514526,0.028280934,0.028204499,0
124,0,0.77686984,0,0.932629347,0.033741523,0.033629119,1
125,0,0.77686984,0,0.948419809,0.025838332,0.025741903,1
126,0.864664717,0.39346934,0,0.925391316,0.037387073,0.037221592,1
127,0.550671036,0.39346934,0,0.925383627,0.037384726,0.037231665,0
128,0.909282047,0.632120559,0.99,0.938872576,0.030609,0.030518364,1
129,0.864664717,0.39346934,0,0.9579826,0.021038797,0.020978607,1
130,0,0,0,0.915721059,0.042220816,0.042058133,0
131,0.550671036,0.632120559,0,0.948362827,0.025869433,0.025767751,1
132,0.550671036,0.39346934,0,0.938990295,0.030570962,0.030438755,0
133,0.798103482,0.39346934,0,0.966385901,0.016833004,0.016781101,1
134,0.972676278,0.632120559,0,0.902258277,0.048976354,0.048765402,1
135,0.550671036,0.77686984,0,0.955121756,0.022473108,0.022405099,0
136,0.798103482,0.39346934,0,0.943857014,0.028107511,0.028035481,1
137,0,0.864664717,0,0.932845294,0.033642165,0.033512551,0
138,0,0.39346934,0,0.932689369,0.033709761,0.033600911,0
139,0.864664717,0.917915001,0,0.932714045,0.033691451,0.033594508,1
140,0.550671036,0.632120559,0,0.938989699,0.030571435,0.030438824,0
141,0.550671036,0.39346934,0.06,0.962492049,0.018782442,0.01872549,0
142,0.939189937,0.864664717,0,0.925391734,0.037386592,0.037221633,1
143,0.698805788,0.77686984,0,0.925131261,0.037497766,0.037370939,1
144,0.550671036,0.39346934,0,0.925133884,0.03749717,0.03736895,1
145,0.972676278,0.77686984,0,0.932876289,0.033623803,0.033499908,1
146,0.550671036,0.632120559,0,0.967971146,0.0160386,0.015990265,0
147,0.959237796,0.39346934,0,0.944099307,0.028008679,0.02789202,1
148,0.864664717,0.864664717,0.99,0.932357967,0.033879902,0.033762194,1
149,0,0,0,0.932629645,0.033741284,0.033629056,1
150,0.996302136,0,0,0.948170841,0.025946686,0.025882479,1
151,0.864664717,0.632120559,0,0.94380033,0.028143773,0.028055925,1
152,0.798103482,0.77686984,0,0.925375104,0.037385479,0.037239414,1
153,0,0.632120559,0,0.925162971,0.037473802,0.037363246,0
154,0.550671036,0,0,0.91572082,0.042221006,0.042058151,0
155,0,0,0,0.944060922,0.028029414,0.027909609,0
156,0,0.864664717,0.13,0.925186157,0.037466023,0.037347794,0
157,0.996302136,0.39346934,0,0.951847196,0.024111265,0.024041567,1
158,0,0,0,0.938987732,0.030566938,0.030445326,0
159,0.798103482,0,0,0.938937366,0.030589726,0.030472925,1
160,0,0.632120559,0,0.925375402,0.037385438,0.037239209,0
161,0.550671036,0.77686984,0,0.943941414,0.028064106,0.027994486,1
162,0.939189937,0.632120559,0,0.938999832,0.030557515,0.030442655,1
163,0.698805788,0.39346934,0,0.932713151,0.033699241,0.033587642,1
164,0.98772266,0.917915001,0,0.952082396,0.024006261,0.023911361,1
165,0.909282047,0.77686984,0,0.943689942,0.028194506,0.028115608,1
166,0,0.39346934,0,0.954874158,0.022595977,0.022529842,1
167,0.98772266,0,0,0.9328987,0.03360248,0.03349876,1
168,0.909282047,0.864664717,0,0.948372662,0.025859289,0.025768064,1
169,0.864664717,0.632120559,0,0.943800271,0.028143829,0.028055951,0
170,0.996302136,0.77686984,0,0.915954411,0.042097881,0.0419477,1
171,0.550671036,0,0,0.885470927,0.057365447,0.057163626,0
172,0.550671036,0.39346934,0.06,0.938980639,0.030566709,0.030452613,0
173,0.698805788,0,0,0.943856716,0.02810774,0.028035566,1
174,0.550671036,0.39346934,0,0.938235641,0.030925123,0.030839253,1
175,0.909282047,0.632120559,0,0.95514673,0.02246389,0.022389377,1
176,0.550671036,0.632120559,0,0.932770491,0.033670977,0.033558477,0
177,0.550671036,0.39346934,0,0.943967879,0.028058944,0.027973132,1
178,0.98772266,0.77686984,0,0.938990176,0.030571073,0.030438779,1
179,0.550671036,0,0,0.948190033,0.0259423,0.025867615,0
180,0.550671036,0.632120559,0,0.938989282,0.0305718,0.030438937,0
181,0,0.77686984,0,0.955158949,0.022456909,0.02238417,1
182,0.550671036,0.864664717,0,0.938933253,0.030579465,0.030487319,1
183,0,0,0,0.960480154,0.0197904,0.019729488,1
184,0.98772266,0.632120559,0,0.932939827,0.033596829,0.033463344,1
185,0,0.632120559,0.13,0.962676644,0.018692963,0.018630423,0
186,0.329679954,0.632120559,0,0.925391018,0.037387293,0.037221655,0
187,0.550671036,0.39346934,0,0.925129294,0.037487384,0.03738331,0
188,0.909282047,0.917915001,0,0.902274847,0.048964866,0.048760269,1
189,0.864664717,0.39346934,0,0.924385726,0.037872776,0.037741512,1
190,0,0.77686984,0,0.932766974,0.033673763,0.033559296,1
191,0,0.632120559,0,0.916164696,0.042003762,0.041831519,0
192,0,0,0,0.885491908,0.057353601,0.057154525,1
193,0.798103482,0.632120559,0,0.938930213,0.030581865,0.030487947,1
194,0.798103482,0.39346934,0,0.938939929,0.030587442,0.030472627,1
195,0.550671036,0,0,0.93904227,0.030538084,0.03041967,0
196,0.864664717,0.864664717,0,0.955226362,0.022425609,0.022348044,1
197,0.939189937,0,0,0.932907522,0.033612743,0.033479676,1
198,0.864664717,0.864664717,0,0.943944871,0.02807596,0.027979134,1
199,0.864664717,0.917915001,0.05,0.932460725,0.033825248,0.033714022,1
200,0.550671036,0.77686984,0,0.925382376,0.037384078,0.037233483,1
201,0,0,0,0.943771303,0.028156182,0.028072491,0
202,0,0.39346934,0,0.91572082,0.042220972,0.042058166,1
203,0,0.39346934,0,0.925133526,0.037497483,0.037369017,1
204,0.798103482,0.77686984,0,0.92438513,0.037872065,0.037742879,1
205,0,0.39346934,0,0.948420167,0.025837937,0.025741894,1
206,0.909282047,0.39346934,0,0.925392687,0.037385698,0.037221644,1
207,0.698805788,0.632120559,0,0.948190033,0.025942383,0.025867578,1
208,0.939189937,0.77686984,0,0.964535832,0.017761216,0.01770295,1
209,0.798103482,0.77686984,0,0.932689548,0.033709541,0.033600863,1
210,0.798103482,0.77686984,0,0.96037215,0.019847823,0.019780058,1
211,0.550671036,0.39346934,0,0.94817102,0.025954038,0.025874928,0
212,0.550671036,0.77686984,0,0.925344825,0.037388347,0.03726685,0
213,0.864664717,0.77686984,0.05,0.943850219,0.028118758,0.028031003,1
214,0.550671036,0,0,0.932242513,0.033935167,0.033822306,0
215,0.550671036,0.632120559,0,0.932794809,0.033672489,0.033532698,0
216,0,0.632120559,0.13,0.92552793,0.037306193,0.037165888,0
217,0.864664717,0.864664717,0,0.94392544,0.028090602,0.027983928,1
218,0,0.39346934,0,0.932889938,0.033617046,0.033492982,1
219,0.550671036,0.39346934,0,0.943894565,0.028104922,0.028000472,0
220,0.550671036,0.39346934,0,0.925391972,0.037386417,0.037221659,0
221,0.550671036,0.39346934,0,0.925392151,0.037386201,0.037221581,0
222,0.550671036,0,0,0.925391197,0.037387144,0.037221685,1
223,0,0.39346934,0,0.955000401,0.022531953,0.0224676,1
224,0.909282047,0.864664717,0,0.955144346,0.022462392,0.022393277,1
225,0.550671036,0.39346934,0,0.962491095,0.018783268,0.018725634,0
226,0,0.864664717,0,0.94826293,0.025910318,0.025826732,0
227,0.998338443,0.632120559,0.63,0.957903147,0.021083709,0.021013197,1
228,0.939189937,0.39346934,0,0.916168272,0.042002544,0.041829199,1
229,0.996302136,0.77686984,0,0.96638608,0.016832836,0.016781094,1
230,0,0.864664717,0,0.954805434,0.022632712,0.022561891,0
231,0.550671036,0.864664717,0,0.92552793,0.037306193,0.037165888,1
232,0.550671036,0,0,0.88549149,0.057354428,0.057154067,0
233,0.550671036,0.632120559,0,0.943818688,0.028150935,0.028030384,1
234,0.909282047,0.864664717,0,0.915916324,0.042110544,0.041973095,0
235,0.550671036,0.77686984,0,0.925455153,0.037346426,0.037198491,1
236,0.959237796,0.77686984,0,0.960480034,0.019790415,0.019729493,1
237,0.864664717,0.864664717,0,0.94287467,0.028608823,0.028516453,1
238,0,0.77686984,0,0.948419631,0.02583841,0.02574192,1
239,0.864664717,0.77686984,0,0.948189974,0.025942434,0.025867572,1
240,0,0.632120559,0,0.925392807,0.03738552,0.037221622,0
241,0.550671036,0.632120559,0,0.925438523,0.037353158,0.037208334,1
242,0.98772266,0.632120559,0,0.957771897,0.021149609,0.021078523,1
243,0,0.917915001,0,0.954807281,0.022631228,0.022561522,0
244,0,0.39346934,0,0.932401359,0.03384991,0.033748757,1
245,0,0,0,0.962543845,0.018752757,0.018703407,1
246,0.798103482,0,0,0.932907522,0.03361281,0.033479609,1
247,0.864664717,0.39346934,0,0.932889402,0.033617582,0.033493012,1
248,0.864664717,0.39346934,0,0.932776868,0.033676341,0.033546783,1
249,0,0.39346934,0,0.938710153,0.03069222,0.030597629,0
250,0,0.77686984,0,0.903868258,0.048139062,0.047992662,1
251,0.864664717,0.39346934,0,0.915771008,0.042176638,0.042052358,1
252,0.798103482,0.917915001,0,0.954874933,0.022595363,0.022529749,1
253,0.550671036,0,0,0.916165054,0.042003416,0.041831549,0
254,0.798103482,0.77686984,0,0.94409883,0.028009107,0.027892003,1
255,0.550671036,0.39346934,0,0.943013608,0.028532552,0.028453847,0
256,0.909282047,0.917915001,0,0.932846487,0.033641178,0.033512395,1
257,0.864664717,0.632120559,0,0.955082297,0.022492485,0.022425205,1
258,0,0.77686984,0,0.925526738,0.037307281,0.037165921,1
259,0.864664717,0.864664717,0,0.943941176,0.028083604,0.027975243,0
260,0.959237796,0.77686984,0,0.964504898,0.017777076,0.017717984,1
261,0.550671036,0.39346934,0,0.938980937,0.030566538,0.030452553,1
262,0.864664717,0.39346934,0,0.925384581,0.03738375,0.037231691,0
263,0.909282047,0.39346934,0,0.92543906,0.037352584,0.037208315,1
264,0.550671036,0,0,0.924900413,0.037623528,0.037476052,0
265,0,0.950212932,0.05,0.916048586,0.042059653,0.04189178,0
266,0,0.77686984,0,0.925162971,0.03747372,0.037363276,1
267,0.909282047,0.632120559,0,0.938872576,0.030609036,0.030518362,1
268,0,0.77686984,0,0.955121994,0.022472879,0.022405084,0
269,0.550671036,0,0,0.925473392,0.037341543,0.037185095,0
270,0,0.39346934,0,0.955178857,0.022451639,0.022369497,1
271,0.864664717,0.77686984,0.99,0.960434854,0.019815672,0.019749455,1
272,0.864664717,0.632120559,0,0.93899107,0.030570185,0.03043876,1
273,0.798103482,0.77686984,0,0.925383091,0.037385076,0.037231799,1
274,0.798103482,0.39346934,0,0.902293265,0.04894454,0.048762243,0
275,0.550671036,0.39346934,0,0.960081398,0.019983958,0.01993457,1
276,0.939189937,0.77686984,0,0.932526529,0.033788562,0.033684876,1
277,0.798103482,0.39346934,0,0.932714045,0.033691462,0.0335945,1
278,0,0.39346934,0,0.938773751,0.030668532,0.030557703,1
279,0,0.632120559,0,0.93277061,0.033670954,0.033558477,1
280,0.996302136,0.77686984,0,0.902206182,0.048986841,0.048806928,1
281,0.698805788,0.39346934,0,0.925456107,0.037345443,0.03719851,0
282,0.864664717,0.632120559,0,0.924901128,0.037622873,0.037475925,1
283,0.698805788,0.77686984,0,0.964505196,0.01777681,0.017718023,0
284,0,0,0,0.93877387,0.030668436,0.03055769,0
285,0.864664717,0.77686984,0,0.932878196,0.033621892,0.033499874,0
286,0,0.632120559,0,0.94401592,0.028027982,0.027956089,1
287,0.550671036,0.77686984,0,0.954875052,0.022595214,0.022529744,1
288,0,0.39346934,0,0.943944812,0.028076049,0.027979136,1
289,0.864664717,0.39346934,0,0.938739419,0.030676119,0.030584494,1
290,0,0,0,0.925385356,0.037381366,0.037233282,1
291,0.959237796,0.77686984,0,0.915956497,0.04209559,0.041947953,1
292,0.550671036,0.39346934,0,0.952016532,0.024032082,0.023951335,0
293,0.864664717,0.632120559,0,0.943945885,0.028069342,0.02798477,1
294,0.550671036,0.632120559,0,0.939039528,0.030543121,0.030417403,0
295,0.550671036,0,0,0.948152959,0.025963891,0.025883179,0
296,0,0.632120559,0,0.960371852,0.019848056,0.019780051,0
297,0.798103482,0,0,0.925310791,0.037414327,0.037274905,1
298,0.550671036,0.632120559,0,0.947961152,0.026056096,0.025982717,1
299,0.909282047,0.864664717,0,0.925512195,0.037331574,0.037156254,1
300,0.864664717,0.77686984,0,0.932356119,0.033881344,0.033762518,1
301,0.98772266,0.632120559,0,0.943771899,0.028155645,0.028072441,1
302,0.959237796,0.39346934,0,0.955146849,0.022463791,0.022389334,1
303,0,0.39346934,0,0.938872576,0.030609,0.030518362,1
304,0.909282047,0.632120559,0,0.960371971,0.019847991,0.019780049,1
305,0.550671036,0.39346934,0,0.925455451,0.037346005,0.037198555,0
306,0.798103482,0.632120559,0,0.914509952,0.042811077,0.042678975,1
307,0.98772266,0.864664717,0,0.925392091,0.037386365,0.037221611,1
308,0.909282047,0.632120559,0.99,0.938872576,0.030609006,0.030518364,1
309,0.550671036,0.632120559,0,0.951869786,0.024098486,0.024031753,1
310,0,0.632120559,0,0.943968117,0.028058788,0.027973101,0
311,0.550671036,0.77686984,0,0.925383925,0.037384398,0.037231673,1
312,0.550671036,0,0,0.938830137,0.030642558,0.030527283,1
313,0.959237796,0.39346934,0,0.960515797,0.019773042,0.019711103,1
314,0,0.632120559,0,0.955178857,0.022451669,0.022369493,0
315,0.550671036,0,0,0.955224454,0.022425072,0.022350444,1
316,0.864664717,0.39346934,0,0.948162735,0.025952814,0.025884455,1
317,0,0,0,0.915720522,0.042221326,0.042058162,1
318,0.798103482,0,0,0.938818634,0.03065086,0.03053054,1
319,0.798103482,0.77686984,0,0.951893985,0.024093034,0.024012981,1
320,0.698805788,0.39346934,0,0.954806149,0.022632319,0.022561548,0
321,0,0.39346934,0,0.904059649,0.048064604,0.047875755,1
322,0.550671036,0.39346934,0,0.925391316,0.037386946,0.037221737,0
323,0.909282047,0.917915001,0,0.955178857,0.022451678,0.022369497,1
324,0.698805788,0.632120559,0,0.903960943,0.04810955,0.047929525,1
325,0.981684361,0.864664717,0,0.955049098,0.022508033,0.022442864,1
326,0.909282047,0.632120559,0,0.932460546,0.033825461,0.033714004,1
327,0.981684361,0.632120559,0,0.962491333,0.01878323,0.01872549,1
328,0.996302136,0.77686984,0,0.932798266,0.033667315,0.033534426,1
329,0.98772266,0.864664717,0.57,0.916008711,0.042072207,0.041919079,1
330,0.909282047,0.632120559,0,0.92466265,0.037714005,0.037623316,1
331,0.98772266,0.632120559,0,0.960515916,0.019773003,0.019711101,1
332,0.550671036,0.632120559,0,0.904059231,0.048064929,0.047875807,0
333,0,0.917915001,0,0.943663239,0.028210092,0.028126685,1
334,0,0.864664717,0,0.932906985,0.033613358,0.033479691,1
335,0.909282047,0.864664717,0.99,0.938927293,0.030595886,0.030476801,1
336,0.939189937,0.632120559,0,0.932844639,0.033644546,0.033510815,1
337,0.864664717,0.632120559,0,0.943947315,0.028068796,0.027983954,1
338,0.909282047,0.632120559,0,0.932662904,0.033724729,0.033612352,1
339,0.909282047,0.39346934,0,0.957948685,0.021061417,0.020989904,1
340,0.550671036,0,0,0.943938911,0.028075255,0.027985781,0
341,0.550671036,0.39346934,0,0.962491751,0.018782895,0.018725377,0
342,0.550671036,0,0,0.962401986,0.018830566,0.018767467,1
343,0.550671036,0.39346934,0,0.952005804,0.024037872,0.023956314,1
344,0.939189937,0.864664717,0,0.9253847,0.037383638,0.037231702,1
345,0.698805788,0.632120559,0,0.943938911,0.028075302,0.027985785,1
346,0.909282047,0.917915001,0,0.932954192,0.033589348,0.033456486,1
347,0.550671036,0.77686984,0,0.932940423,0.033596285,0.033463284,1
348,0.972676278,0.39346934,0,0.925133884,0.037497178,0.037368957,1
349,0.939189937,0,0,0.943956196,0.0280581,0.027985744,1
350,0.798103482,0.77686984,0,0.95514673,0.02246397,0.022389336,1
351,0.550671036,0.39346934,0,0.9438501,0.028118871,0.028031016,0
352,0,0.632120559,0,0.943014681,0.02853171,0.028453654,1
353,0.550671036,0,0,0.915720582,0.042221252,0.042058177,0
354,0.550671036,0,0,0.925391018,0.037387315,0.037221726,0
355,0.550671036,0,0,0.925162733,0.037473939,0.037363317,1
356,0,0,0,0.925383329,0.037384849,0.037231795,0
357,0.550671036,0,0,0.938818634,0.030650847,0.030530553,0
358,0.909282047,0.39346934,0,0.932357192,0.033880655,0.033762176,1
359,0.996302136,0,0,0.943968058,0.028058868,0.027973097,1
360,0,0.981684361,0.39,0.962544084,0.018752573,0.018703377,0
361,0.972676278,0.39346934,0,0.955082357,0.022492414,0.022425223,1
362,0.798103482,0.632120559,0,0.925527811,0.037306275,0.037165876,0
363,0.798103482,0.77686984,0,0.955000818,0.022531696,0.022467526,1
364,0,0.77686984,0,0.943771541,0.028156059,0.028072452,0
365,0,0.77686984,0,0.938929975,0.030582406,0.030487668,1
366,0.972676278,0.632120559,0,0.960480154,0.019790376,0.019729484,1
367,0,0.77686984,0,0.951847196,0.024111232,0.024041537,1
368,0.939189937,0.632120559,0,0.957626462,0.0212202,0.021153394,1
369,0.909282047,0.864664717,0.99,0.932915568,0.033616833,0.033467535,1
370,0,0,0,0.943938911,0.028075282,0.027985798,1
371,0.550671036,0,0,0.932794809,0.033672478,0.033532687,0
372,0.972676278,0.39346934,0,0.964303315,0.017872468,0.017824214,1
373,0.698805788,0,0,0.93904227,0.030538071,0.030419717,0
374,0,0.77686984,0,0.887739122,0.056218073,0.056042749,0
375,0.909282047,0.632120559,0,0.915258825,0.042431373,0.042309813,1
376,0.698805788,0,0,0.955187619,0.022447182,0.022365211,1
377,0.798103482,0.39346934,0,0.925527036,0.037307028,0.037165917,1
378,0.909282047,0,0,0.904203951,0.047994219,0.047801826,0
379,0,0.77686984,0,0.948362231,0.025870103,0.025767673,0
380,0.864664717,0.632120559,0,0.93877387,0.03066849,0.030557692,1
381,0,0.632120559,0,0.925382555,0.037385609,0.037231866,0
382,0.972676278,0.632120559,0,0.932890356,0.033616737,0.033492945,1
383,0.909282047,0.632120559,0,0.925392807,0.037385613,0.037221603,1
384,0,0.77686984,0,0.938999176,0.030558174,0.030442661,0
385,0.909282047,0.77686984,0.99,0.925527692,0.037306417,0.03716588,1
386,0.864664717,0.632120559,0,0.94836241,0.025869943,0.025767675,1
387,0.972676278,0,0,0.955226481,0.022425458,0.022348039,1
388,0.550671036,0.632120559,0,0.951973379,0.024051866,0.023974773,1
389,0.972676278,0,0,0.943013132,0.028532755,0.028454058,1
390,0.550671036,0.632120559,0,0.948361754,0.025870515,0.025767758,1
391,0,0.39346934,0,0.925377011,0.037383862,0.037239082,1
392,0.98772266,0.77686984,0,0.915770829,0.042176772,0.042052373,1
393,0,0.632120559,0,0.9042027,0.047995493,0.047801845,1
394,0.550671036,0.39346934,0,0.955082297,0.022492511,0.022425199,1
395,0.698805788,0.39346934,0,0.955178857,0.022451682,0.022369495,0
396,0.959237796,0.39346934,0,0.943771541,0.028155979,0.028072456,1
397,0,0.39346934,0,0.932766914,0.033674087,0.03355905,1
398,0.550671036,0.39346934,0,0.925384045,0.037384156,0.037231751,0
399,0.798103482,0.77686984,0,0.938739479,0.030676113,0.030584399,1
400,0.550671036,0.39346934,0,0.95514667,0.022463951,0.022389363,0
401,0.909282047,0.864664717,0.99,0.932776153,0.033676662,0.033547126,1
402,0.909282047,0.77686984,0,0.943956196,0.028058104,0.027985746,1
403,0.939189937,0.39346934,0,0.938568711,0.030768398,0.030662874,1
404,0,0.77686984,0,0.925311208,0.037413623,0.037275199,0
405,0.959237796,0.39346934,0,0.943956077,0.02805814,0.027985753,1
406,0,0.77686984,0,0.938872397,0.030609157,0.030518381,0
407,0.909282047,0.39346934,0,0.925527811,0.037306335,0.037165873,1
408,0.939189937,0.864664717,0,0.924742579,0.037682872,0.037574608,1
409,0.996302136,0.632120559,0,0.94817543,0.025943639,0.025880963,1
410,0,0,0,0.925379157,0.037387483,0.037233371,1
411,0.909282047,0.864664717,0.99,0.916167617,0.042003155,0.041829228,1
412,0,0.39346934,0,0.932875633,0.033624396,0.033499982,0
413,0.972676278,0.39346934,0,0.932890296,0.033623025,0.033486728,1
414,0.798103482,0,0,0.931517422,0.034299601,0.034182988,1
415,0.550671036,0.39346934,0,0.954875052,0.022595325,0.022529637,0
416,0.550671036,0.39346934,0,0.960042953,0.020002577,0.01995445,0
417,0,0.77686984,0,0.943956077,0.028058177,0.027985755,0
418,0,0.77686984,0,0.932461202,0.033824857,0.033713914,1
419,0,0.77686984,0,0.938913465,0.030589886,0.03049664,0
420,0,0,0,0.904059768,0.048064418,0.047875784,1
421,0.996302136,0.39346934,0,0.960408509,0.019830171,0.019761343,1
422,0.550671036,0,0,0.932689548,0.033709504,0.033600885,0
423,0.798103482,0.632120559,0,0.925314903,0.037410501,0.037274566,1
424,0.864664717,0.632120559,0,0.962676644,0.018692974,0.018630425,1
425,0,0.39346934,0,0.943941355,0.028064173,0.027994471,0
426,0,0.632120559,0,0.9481709,0.025954191,0.0258749,1
427,0.864664717,0.77686984,0,0.932700217,0.033708807,0.03359095,1
428,0.550671036,0.77686984,0,0.944073439,0.028024852,0.027901668,0
429,0.959237796,0.39346934,0,0.948419869,0.025838206,0.025741942,1
430,0.981684361,0.864664717,0,0.94826293,0.02591031,0.025826741,1
431,0.550671036,0,0,0.93291682,0.033615675,0.033467498,0
432,0.939189937,0.632120559,0,0.96638608,0.016832789,0.016781086,1
433,0.972676278,0.77686984,0,0.957581878,0.021238536,0.021179581,1
434,0.550671036,0.39346934,0,0.962676644,0.018692978,0.018630426,0
435,0,0.39346934,0,0.925130963,0.037498064,0.037370987,0
436,0,0.39346934,0,0.960435092,0.019815437,0.019749442,0
437,0.550671036,0.39346934,0,0.93893683,0.030590197,0.030472983,0
438,0.864664717,0.77686984,0,0.96638608,0.016832817,0.016781094,1
439,0.798103482,0,0,0.925489545,0.037325028,0.037185453,0
440,0.864664717,0.917915001,0,0.943956077,0.028058138,0.027985761,1
441,0.698805788,0.39346934,0,0.925527394,0.037306756,0.037165906,0
442,0,0.864664717,0,0.955121875,0.022472998,0.022405094,1
443,0,0.632120559,0,0.952005684,0.024038007,0.023956317,1
444,0,0.77686984,0,0.916164756,0.042003721,0.041831549,0
445,0.550671036,0.864664717,0,0.948371828,0.02585995,0.025768166,1
446,0,0.632120559,0,0.938739598,0.030676054,0.030584378,0
447,0.864664717,0.632120559,0,0.93892771,0.030595617,0.030476652,0
448,0,0.39346934,0,0.938872576,0.030609036,0.030518364,1
449,0.909282047,0.864664717,0.99,0.958023429,0.021018948,0.020957651,1
450,0,0.632120559,0,0.904060185,0.048064094,0.04787568,1
451,0,0,0,0.947601974,0.026233308,0.026164724,1
452,0.864664717,0.632120559,0,0.932777345,0.033675775,0.033546895,1
453,0.550671036,0.39346934,0,0.938936055,0.030590834,0.030473072,1
454,0.939189937,0.632120559,0,0.885491788,0.05735366,0.057154514,1
455,0.909282047,0.632120559,0,0.943689287,0.02819494,0.028115809,1
456,0.698805788,0.77686984,0,0.943771541,0.028155984,0.028072456,0
457,0.550671036,0,0,0.915319383,0.042393006,0.042287569,1
458,0.959237796,0.77686984,0,0.925390899,0.037387427,0.037221674,1
459,0.550671036,0.39346934,0,0.938936591,0.030590268,0.030473122,1
460,0.550671036,0.39346934,0,0.938948452,0.030587105,0.030464431,1
461,0.550671036,0.39346934,0,0.943771899,0.028155576,0.028072506,1
462,0.798103482,0.39346934,0,0.962403357,0.01882929,0.018767349,1
463,0,0.864664717,0,0.951847255,0.024111139,0.024041589,1
464,0.864664717,0.39346934,0,0.915259838,0.042430699,0.042309444,1
465,0.550671036,0.39346934,0,0.925391197,0.03738701,0.037221737,0
466,0.864664717,0.632120559,0,0.932849109,0.033638667,0.03351222,1
467,0.939189937,0.632120559,0,0.938830137,0.030642569,0.03052729,1
468,0.909282047,0.632120559,0,0.948189914,0.025942413,0.025867665,1
469,0,0.632120559,0,0.948162735,0.025952792,0.025884466,1
470,0.550671036,0,0,0.955082357,0.022492465,0.022425171,0
471,0.698805788,0.39346934,0,0.951869547,0.02409865,0.024031781,0
472,0.998338443,0.917915001,0.63,0.947463095,0.026302395,0.026234498,1
473,0,0.632120559,0,0.938808739,0.030646786,0.03054449,0
474,0.864664717,0.632120559,0,0.944073081,0.028025271,0.027901679,1
475,0.798103482,0.632120559,0,0.955226481,0.022425441,0.022348035,0
476,0.972676278,0.632120559,0,0.944073856,0.028024504,0.027901657,1
477,0.550671036,0.632120559,0,0.932907462,0.033611275,0.033481214,1
478,0.550671036,0,0,0.925343037,0.037389968,0.037267029,0
479,0.550671036,0.632120559,0.06,0.964535892,0.017761091,0.017702993,0
480,0.98772266,0.39346934,0,0.93880856,0.030646894,0.030544497,1
481,0,0,0,0.925527811,0.037306279,0.037165906,1
482,0.698805788,0.77686984,0,0.932863593,0.03363483,0.033501588,0
483,0.98772266,0.864664717,0.57,0.925133765,0.037497256,0.037368968,1
484,0.550671036,0.77686984,0.06,0.925131142,0.037497837,0.037370961,0
485,0.698805788,0.39346934,0,0.925455332,0.037346061,0.037198544,1
486,0.798103482,0.39346934,0,0.932779074,0.033668097,0.033552807,1
487,0.864664717,0.77686984,0.05,0.932844043,0.033645183,0.033510767,1
488,0.550671036,0.77686984,0,0.964535713,0.017761314,0.017702958,1
489,0.550671036,0,0,0.962490797,0.018783631,0.018725548,0
490,0.864664717,0.39346934,0,0.943894327,0.028105091,0.028000517,1
491,0.909282047,0.39346934,0,0.932904541,0.033612061,0.033483379,0
492,0.909282047,0.864664717,0.99,0.932767391,0.033673421,0.033559158,1
493,0.98772266,0.969802617,0.57,0.915319085,0.042393051,0.042287856,1
494,0.909282047,0.864664717,0,0.938939869,0.030587502,0.030472636,1
495,0.550671036,0.39346934,0,0.938565314,0.030763492,0.030671181,0
496,0,0.632120559,0,0.925379872,0.037386782,0.037233345,1
497,0.864664717,0.632120559,0,0.932790995,0.033675849,0.033533141,1
498,0.550671036,0,0,0.948063612,0.02600156,0.02593478,0
499,0.550671036,0.632120559,0,0.915956378,0.042095996,0.041947652,1
500,0,0.632120559,0,0.904203475,0.047994744,0.04780183,1
501,0,0.632120559,0,0.932908416,0.033610437,0.033481155,0
502,0.864664717,0.39346934,0,0.925472975,0.037341889,0.037185118,1
503,0.909282047,0.917915001,0,0.948419809,0.025838342,0.025741905,1
504,0.981684361,0.632120559,0,0.948162913,0.025952661,0.025884444,1
505,0.798103482,0.77686984,0,0.957772076,0.021149443,0.02107848,1
506,0.550671036,0.39346934,0,0.960435092,0.019815486,0.019749463,0
507,0.909282047,0.632120559,0,0.92516309,0.037473716,0.037363257,1
508,0.550671036,0.39346934,0,0.91572082,0.042220984,0.042058177,0
509,0.798103482,0.39346934,0,0.948190272,0.025942134,0.025867594,0
510,0.972676278,0.39346934,0,0.925386906,0.037381593,0.037231464,1
511,0.939189937,0.77686984,0,0.925455987,0.037345566,0.037198506,1
512,0.550671036,0.39346934,0,0.943857074,0.028107425,0.028035462,0
513,0.909282047,0.632120559,0,0.915720701,0.042221121,0.04205817,1
514,0.98772266,0.864664717,0.57,0.955178797,0.022451717,0.022369493,1
515,0.909282047,0.632120559,0,0.938672781,0.030717507,0.03060971,1
516,0.959237796,0.39346934,0,0.938927889,0.030595509,0.030476542,1
517,0.98772266,0.864664717,0,0.955078602,0.022493009,0.022428373,1
518,0,0,0,0.95514667,0.022463994,0.022389336,1
519,0,0.77686984,0,0.960043073,0.020002512,0.019954437,0
520,0,0,0,0.93892771,0.030595582,0.030476658,0
521,0.550671036,0.39346934,0,0.954807639,0.022630839,0.022561518,1
522,0.550671036,0.77686984,0,0.960434496,0.019815939,0.019749504,0
523,0.909282047,0.632120559,0,0.948190033,0.025942342,0.025867611,1
524,0.798103482,0,0,0.943956077,0.028058134,0.02798575,1
525,0.939189937,0.632120559,0,0.964504778,0.017777143,0.017718045,1
526,0.864664717,0.632120559,0.99,0.955121934,0.022472963,0.022405084,1
527,0.864664717,0.39346934,0,0.938933194,0.030579479,0.030487325,1
528,0.798103482,0.39346934,0,0.932907283,0.033613093,0.033479679,1
529,0.550671036,0,0,0.932907164,0.03361148,0.033481322,0
530,0,0,0,0.925133348,0.03749758,0.037369035,0
531,0.550671036,0.632120559,0,0.943818688,0.02815089,0.028030409,0
532,0.550671036,0.632120559,0,0.925390244,0.037388094,0.037221603,1
533,0.972676278,0.632120559,0,0.904059172,0.048065063,0.047875766,1
534,0.550671036,0,0,0.938604772,0.030750409,0.030644815,0
535,0.98772266,0.632120559,0,0.916050911,0.042057469,0.041891605,1
536,0.798103482,0.632120559,0,0.951894164,0.024092831,0.024013011,0
537,0,0.632120559,0,0.943754673,0.028172592,0.028072692,1
538,0.550671036,0.864664717,0,0.932800472,0.033665221,0.033534303,0
539,0.864664717,0.864664717,0,0.923211932,0.038447302,0.038340833,1
540,0.939189937,0.632120559,0,0.943663538,0.028209863,0.028126625,1
541,0.798103482,0.632120559,0,0.915911078,0.042114772,0.041974146,1
542,0.550671036,0,0,0.916049719,0.042058632,0.041891649,0
543,0.698805788,0.39346934,0,0.925526321,0.037307721,0.037165917,0
544,0.798103482,0,0,0.925526559,0.037307519,0.037165914,1
545,0.909282047,0.917915001,0,0.957861781,0.021103639,0.021034561,1
546,0.972676278,0.39346934,0,0.932939172,0.033597507,0.033463348,1
547,0.550671036,0.632120559,0,0.932629704,0.033741221,0.033629067,0
548,0.550671036,0.632120559,0,0.925380111,0.0373866,0.037233315,0
549,0,0.39346934,0,0.948372662,0.025859326,0.025768051,0
550,0.698805788,0,0,0.938602924,0.030753473,0.030643597,1
551,0,0.39346934,0,0.955146909,0.022463782,0.022389339,1
552,0.698805788,0.39346934,0,0.904203296,0.04799486,0.047801834,0
553,0,0.39346934,0,0.925310791,0.037413958,0.037275285,1
554,0.939189937,0.39346934,0,0.932908058,0.033610713,0.033481218,1
555,0.864664717,0.39346934,0,0.952005804,0.02403789,0.023956308,1
556,0.98772266,0.632120559,0,0.93277061,0.033670921,0.033558469,1
557,0.939189937,0,0,0.960371971,0.019847972,0.019780047,1
558,0.798103482,0.39346934,0,0.955226481,0.02242546,0.022348039,1
559,0.798103482,0,0,0.938359916,0.030873699,0.030766418,1
560,0,0.77686984,0.05,0.94380039,0.028143726,0.028055897,0
561,0.909282047,0.77686984,0,0.925323129,0.037404265,0.037272654,1
562,0.972676278,0.632120559,0,0.948162854,0.025952704,0.025884466,1
563,0.698805788,0.39346934,0,0.938930929,0.03059287,0.030476224,0
564,0.864664717,0.917915001,0,0.957861602,0.021103781,0.021034617,1
565,0,0.39346934,0,0.957982838,0.021038612,0.020978594,0
566,0,0.864664717,0,0.952082932,0.024005786,0.023911277,0
567,0,0.77686984,0,0.962491751,0.018782847,0.018725371,0
568,0.864664717,0.77686984,0,0.957624495,0.02122101,0.021154512,1
569,0.550671036,0.632120559,0,0.948153138,0.025963672,0.025883168,1
570,0.550671036,0.39346934,0,0.944073617,0.028024668,0.027901679,1
571,0.996302136,0.632120559,0,0.938989341,0.030571824,0.030438771,1
572,0.864664717,0.864664717,0,0.925130963,0.037498046,0.037370991,1
573,0.550671036,0.39346934,0,0.938928008,0.030595288,0.030476697,0
574,0.909282047,0.632120559,0,0.93224144,0.033935934,0.033822555,1
575,0,0.632120559,0,0.955078483,0.022493195,0.022428358,1
576,0.864664717,0.77686984,0,0.960480034,0.019790404,0.019729482,1
577,0.550671036,0.632120559,0,0.938998401,0.030558886,0.030442694,1
578,0,0,0,0.938605249,0.030750075,0.030644707,0
579,0.909282047,0.77686984,0,0.938277125,0.030925961,0.030796895,0
580,0.909282047,0.864664717,0.99,0.938673019,0.030717231,0.030609693,1
581,0.864664717,0.77686984,0,0.964535892,0.017761126,0.017702987,1
582,0.864664717,0.632120559,0,0.938990235,0.030570982,0.030438773,1
583,0,0.39346934,0,0.925391436,0.037386928,0.037221704,1
584,0.698805788,0,0,0.93277061,0.03367091,0.033558466,1
585,0.798103482,0.39346934,0,0.952016592,0.024032071,0.023951335,1
586,0.981684361,0.39346934,0,0.932401776,0.033849649,0.033748619,1
587,0,0,0,0.952016652,0.024032054,0.023951333,1
588,0.864664717,0.864664717,0,0.938358426,0.030874982,0.030766556,1
589,0,0.77686984,0,0.955178797,0.022451721,0.022369508,1
590,0.909282047,0.39346934,0,0.943663538,0.028209701,0.028126733,1
591,0.909282047,0.632120559,0,0.947962105,0.026055664,0.025982196,1
592,0,0.632120559,0,0.943947196,0.028068781,0.027983958,1
593,0.550671036,0.39346934,0,0.939040065,0.03054261,0.030417383,1
594,0.550671036,0,0,0.904058516,0.048065737,0.047875769,0
595,0.864664717,0.632120559,0.99,0.902263105,0.048973914,0.048763014,1
596,0.798103482,0.77686984,0,0.932863653,0.033634778,0.033501577,1
597,0.550671036,0.632120559,0,0.948374867,0.025857266,0.02576784,0
598,0.98772266,0.864664717,0,0.938872695,0.030608997,0.03051837,1
599,0.550671036,0.39346934,0,0.925383925,0.037384395,0.037231684,1
600,0,0,0,0.925133765,0.03749726,0.037368964,1
601,0,0,0,0.925438523,0.037353139,0.037208345,0
602,0.550671036,0,0,0.954874337,0.022596089,0.022529557,0
603,0,0.39346934,0,0.93281728,0.033649772,0.033532966,1
604,0,0.39346934,0,0.955158949,0.022456883,0.02238417,1
605,0,0,0,0.914509892,0.042811226,0.04267884,0
606,0.864664717,0.77686984,0,0.932802558,0.033663496,0.033533998,1
607,0.98772266,0.969802617,0.57,0.904060602,0.048063666,0.047875699,1
608,0.998338443,0.77686984,0.63,0.932669818,0.033720728,0.033609491,1
609,0.864664717,0.39346934,0,0.925382495,0.037385833,0.03723171,1
610,0.98772266,0.917915001,0,0.932292879,0.033895649,0.033811517,1
611,0.798103482,0.632120559,0,0.932954073,0.033589415,0.033456471,1
612,0.864664717,0.632120559,0,0.939039111,0.030543504,0.030417435,1
613,0.798103482,0,0,0.915771186,0.042176507,0.042052332,1
614,0.550671036,0,0,0.967971325,0.016038453,0.015990239,0
615,0.98772266,0,0,0.93290776,0.03361265,0.033479646,1
616,0.996302136,0.77686984,0,0.925489128,0.037325341,0.037185468,1
617,0.998338443,0.632120559,0.63,0.952016652,0.024032064,0.023951333,1
618,0.550671036,0.39346934,0,0.943869412,0.028112762,0.028017772,1
619,0.550671036,0.864664717,0,0.938930869,0.030592887,0.030476226,1
620,0.550671036,0,0,0.943938851,0.028075356,0.027985811,0
621,0.550671036,0,0,0.964583695,0.017737076,0.017679242,0
622,0.959237796,0.77686984,0,0.932689726,0.033709377,0.033600863,1
623,0.550671036,0.77686984,0,0.938603222,0.030753156,0.030643644,0
624,0.972676278,0.77686984,0,0.93877387,0.030668441,0.030557679,1
625,0.550671036,0,0,0.954875171,0.022594726,0.022530099,0
626,0,0,0,0.943956077,0.028058106,0.027985761,0
627,0.972676278,0.632120559,0,0.915770948,0.04217672,0.042052343,1
628,0.864664717,0.39346934,0,0.948232949,0.025917502,0.025849506,1
629,0.698805788,0.39346934,0,0.932846725,0.03364056,0.033512652,0
630,0.550671036,0,0,0.932846069,0.033641387,0.033512492,1
631,0.864664717,0.39346934,0,0.948419988,0.025838049,0.025741914,1
632,0.864664717,0.77686984,0.05,0.925343692,0.037389278,0.037267059,1
633,0.550671036,0,0,0.932939768,0.033596918,0.033463322,0
634,0,0.632120559,0,0.932629824,0.03374115,0.033629045,0
635,0.550671036,0,0,0.94401592,0.028027985,0.02795608,0
636,0.550671036,0.864664717,0,0.932890415,0.033616524,0.033493027,1
637,0.972676278,0.39346934,0,0.932798803,0.033666596,0.033534538,1
638,0.864664717,0.77686984,0,0.932908118,0.033610664,0.033481173,1
639,0.798103482,0.77686984,0,0.925527513,0.037306555,0.037165917,1
640,0.550671036,0.77686984,0,0.938672483,0.030717835,0.030609693,1
641,0.939189937,0.39346934,0,0.925455213,0.03734621,0.037198529,1
642,0,0.77686984,0,0.925527573,0.03730654,0.037165917,1
643,0.550671036,0.632120559,0,0.915166378,0.042487461,0.042346165,1
644,0,0.632120559,0,0.948162854,0.025952704,0.025884438,1
645,0,0,0,0.938568234,0.03076862,0.030663086,1
646,0.550671036,0.632120559,0,0.915911973,0.042114139,0.041973878,1
647,0.864664717,0.77686984,0.99,0.951894045,0.02409295,0.024012981,1
648,0.550671036,0.632120559,0,0.925382853,0.037385285,0.037231859,0
649,0.550671036,0.39346934,0,0.938999772,0.030557664,0.030442577,0
650,0.864664717,0.77686984,0.05,0.93252641,0.033788722,0.033684868,1
651,0.864664717,0.632120559,0,0.916166008,0.042002477,0.041831508,1
652,0.550671036,0.77686984,0,0.904056907,0.048067134,0.047875922,1
653,0,0.950212932,0.39,0.95514673,0.022463953,0.02238933,0
654,0.550671036,0.77686984,0,0.932713985,0.033691563,0.033594526,0
655,0,0.632120559,0,0.925527275,0.037306841,0.037165917,1
656,0.864664717,0.39346934,0,0.932846069,0.033641286,0.033512656,1
657,0.972676278,0.39346934,0,0.955226481,0.022425449,0.022348039,1
658,0,0,0,0.960179806,0.019938642,0.019881528,1
659,0.939189937,0.632120559,0,0.943968117,0.028058793,0.027973095,1
660,0.864664717,0.632120559,0,0.94826293,0.025910329,0.025826735,1
661,0.939189937,0.632120559,0,0.932875931,0.033624087,0.033499964,1
662,0,0.969802617,0.39,0.925373495,0.037387148,0.037239369,0
663,0.550671036,0.39346934,0,0.946595311,0.026730249,0.026674407,1
664,0.550671036,0.77686984,0.06,0.94393903,0.028075242,0.027985781,0
665,0,0.632120559,0,0.925437272,0.037354205,0.037208501,0
666,0,0.77686984,0,0.95205313,0.024018997,0.023927895,1
667,0.909282047,0.864664717,0,0.925527811,0.037306361,0.037165888,1
668,0,0.77686984,0,0.943941414,0.028064143,0.027994487,1
669,0.864664717,0.39346934,0,0.94817543,0.025943646,0.025880966,1
670,0.98772266,0.77686984,0,0.955165446,0.022450361,0.022384189,1
671,0.550671036,0.39346934,0,0.932888448,0.033618454,0.033493064,0
672,0,0.77686984,0.17,0.864954054,0.067638777,0.067407198,0
673,0,0,0,0.76977402,0.11518947,0.115036525,0
674,0,0.39346934,0,0.859713733,0.070179477,0.070106819,0
675,0,0,0,0.828818619,0.085684627,0.085496768,0
676,0,0.632120559,0,0.885973155,0.057099093,0.056927774,0
677,0,0.632120559,0,0.830937564,0.08464238,0.084420048,0
678,0,0,0,0.828974009,0.085644394,0.08538159,0
679,0,0,0,0.775297463,0.112507232,0.112195328,0
680,0,0.632120559,0,0.857877195,0.071079545,0.071043268,0
681,0,0,0,0.827666819,0.086232744,0.086100467,0
682,0,0.632120559,0,0.922969997,0.038543392,0.038486581,0
683,0,0.632120559,0,0.829382479,0.085412927,0.085204624,0
684,0,0.632120559,0,0.860845506,0.06963294,0.069521569,0
685,0.909282047,0.39346934,0,0.82484436,0.087656431,0.087499201,0
686,0,0.39346934,0,0.769721746,0.11521706,0.115061164,0
687,0,0.632120559,0,0.903021872,0.04855562,0.048422519,0
688,0,0.77686984,0,0.942681789,0.028683275,0.028634913,0
689,0,0.864664717,0,0.886859179,0.056667838,0.056472942,0
690,0,0.39346934,0,0.831651747,0.084325507,0.084022768,0
691,0,0.864664717,0.17,0.902278483,0.048919093,0.048802398,0
692,0,0.632120559,0,0.959677994,0.020184649,0.020137392,0
693,0.550671036,0.632120559,0,0.861494184,0.069299541,0.069206282,0
694,0.550671036,0.864664717,0.17,0.923835754,0.038125068,0.038039207,0
695,0,0,0,0.90230608,0.048895594,0.048798297,0
696,0.550671036,0.39346934,0,0.942892551,0.028588047,0.028519435,0
697,0,0.39346934,0,0.861654043,0.069246501,0.069099404,0
698,0,0.632120559,0,0.901174545,0.049471088,0.049354348,0
699,0,0.39346934,0,0.830914736,0.084722839,0.084362365,0
700,0,0.864664717,0.17,0.91443646,0.042813696,0.042749852,0
701,0.329679954,0.39346934,0,0.950458765,0.024786638,0.024754614,0
702,0,0.632120559,0,0.930468082,0.034794178,0.034737755,0
703,0.550671036,0.917915001,0,0.903113008,0.048527151,0.048359834,0
704,0,0.632120559,0,0.936994672,0.031534873,0.031470452,0
705,0,0.632120559,0,0.863006055,0.068556018,0.068437904,0
706,0.698805788,0.39346934,0,0.914137542,0.042975754,0.042886656,0
707,0,0.39346934,0,0.762395442,0.11880856,0.118795954,0
708,0,0.864664717,0.17,0.9148435,0.042652573,0.042503908,0
709,0,0.77686984,0,0.936557055,0.031744454,0.031698495,0
710,0.698805788,0,0,0.923974574,0.038051892,0.037973542,0
711,0.550671036,0.632120559,0,0.931034923,0.034515817,0.034449305,0
712,0.550671036,0,0,0.865077257,0.067562118,0.067360587,0
713,0.798103482,0.632120559,0,0.92318821,0.038440265,0.0383715,0
714,0,0,0,0.886155188,0.056971598,0.056873217,0
715,0,0.39346934,0,0.825983644,0.087093137,0.086923219,0
716,0.550671036,0,0,0.865087867,0.067553662,0.067358524,0
717,0,0.39346934,0,0.857811689,0.071111724,0.071076594,0
718,0,0.77686984,0,0.913734078,0.043176971,0.043088969,0
719,0,0.632120559,0.17,0.863740385,0.068215795,0.068043843,0
720,0.698805788,0.917915001,0.17,0.956653595,0.021688223,0.021658167,0
721,0,0.864664717,0,0.942210674,0.028917933,0.028871434,0
722,0.550671036,0.39346934,0,0.924928188,0.037602354,0.037469435,0
723,0,0.950212932,0,0.943163335,0.028457204,0.028379448,0
724,0.798103482,0.864664717,0.17,0.947101533,0.026474068,0.026424393,0
725,0,0.632120559,0,0.885985613,0.057063583,0.056950774,0
726,0,0.917915001,0.17,0.902115822,0.049023822,0.048860341,0
727,0.329679954,0.39346934,0,0.902345359,0.048894987,0.048759617,0
728,0,0.39346934,0,0.886820734,0.056686006,0.056493241,0
729,0,0.632120559,0.17,0.913789093,0.043168355,0.043042548,0
730,0.329679954,0.77686984,0,0.932160795,0.033975568,0.033863671,0
731,0,0.77686984,0.17,0.642099619,0.178796947,0.179103434,0
732,0,0.77686984,0,0.924033821,0.038034502,0.037931636,0
733,0,0,0,0.946507037,0.026772216,0.02672076,0
734,0,0.39346934,0,0.914530993,0.042788643,0.042680338,0
735,0.798103482,0.77686984,0,0.942289352,0.028877243,0.0288334,0
736,0,0.632120559,0,0.915058315,0.042521559,0.042420141,0
737,0.798103482,0.632120559,0,0.938543618,0.030780794,0.030675571,0
738,0.550671036,0,0,0.942931831,0.028567232,0.028500963,0
739,0,0.632120559,0,0.924392045,0.03785909,0.037748899,0
740,0,0.39346934,0,0.775874317,0.112292506,0.111833215,0
741,0,0,0,0.641357481,0.179425448,0.179217011,0
742,0.698805788,0.77686984,0,0.775655985,0.112339534,0.112004504,0
743,0,0.39346934,0,0.937093437,0.031480711,0.031425908,0
744,0.550671036,0.632120559,0,0.924798071,0.037663754,0.037538227,0
745,0,0.917915001,0.17,0.913491607,0.043290209,0.043218151,0
746,0.550671036,0.632120559,0,0.924844086,0.037638303,0.037517633,0
747,0,0.632120559,0,0.913824856,0.043135196,0.043039981,0
748,0.550671036,0.39346934,0,0.93133992,0.03436093,0.034299154,0
749,0.864664717,0.39346934,0,0.864923239,0.067628771,0.067448035,0
750,0.550671036,0.632120559,0.17,0.92415899,0.037969794,0.037871148,0
751,0.550671036,0.39346934,0,0.914732814,0.04268733,0.042579856,0
752,0.550671036,0.632120559,0.17,0.930925608,0.034583978,0.034490414,0
753,0,0.39346934,0,0.92960763,0.03521644,0.035175953,0
754,0.864664717,0.864664717,0,0.924093843,0.038001422,0.037904769,0
755,0.550671036,0.77686984,0.17,0.915604949,0.042255852,0.042139228,0
756,0,0,0,0.900403917,0.049816824,0.049779251,0
757,0,0.77686984,0.17,0.930971801,0.034547124,0.03448109,0
758,0,0.39346934,0,0.863490105,0.068342514,0.068167336,0
759,0,0.39346934,0,0.914639235,0.042722605,0.04263816,0
760,0,0,0,0.924117029,0.03797989,0.037903078,0
761,0.698805788,0.632120559,0,0.965496659,0.017266139,0.017237172,0
762,0,0.632120559,0,0.961641729,0.019199125,0.019159177,0
763,0.698805788,0.864664717,0,0.946873307,0.026598632,0.026528077,0
764,0,0.39346934,0,0.922656059,0.038699232,0.038644686,0
765,0.909282047,0.77686984,0.17,0.915774167,0.042181276,0.04204452,0
766,0,0.632120559,0,0.92206794,0.038984608,0.038947444,0
767,0.550671036,0.77686984,0.17,0.900661588,0.049690884,0.049647536,0
768,0.550671036,0.77686984,0,0.660115063,0.170216992,0.1696679,0
769,0,0,0,0.922697425,0.038680561,0.038622048,0
770,0,0,0,0.900484443,0.04979163,0.049723905,0
771,0,0.632120559,0.17,0.899360061,0.050341655,0.050298311,0
772,0.550671036,0.77686984,0,0.943684578,0.028207878,0.028107565,0
773,0.550671036,0.632120559,0,0.946675122,0.026687315,0.026637582,0
774,0.798103482,0.632120559,0,0.947921813,0.026071094,0.026007148,0
775,0,0.632120559,0,0.942657351,0.028695349,0.028647261,0
776,0,0.632120559,0,0.932561457,0.033764124,0.03367446,0
777,0.909282047,0.39346934,0,0.937833965,0.031111747,0.031054305,0
778,0,0.632120559,0,0.932024419,0.034040947,0.033934645,0
779,0.798103482,0.632120559,0.17,0.930560291,0.034742408,0.034697268,0
780,0,0.77686984,0,0.9243173,0.037887938,0.037794806,0
781,0,0.39346934,0,0.901732266,0.049174115,0.049093638,0
782,0,0.77686984,0,0.862761497,0.06868393,0.068554536,0
783,0,0.39346934,0,0.831985295,0.084168673,0.083846077,0
784,0.550671036,0.632120559,0,0.938190639,0.030951301,0.030858109,0
785,0,0.77686984,0,0.95055908,0.024739418,0.024701528,0
786,0,0.632120559,0,0.937405169,0.031326883,0.031267975,0
787,0.698805788,0.632120559,0,0.925166428,0.037480339,0.037353229,0
788,0,0,0,0.947036326,0.026513875,0.026449848,0
789,0,0.632120559,0,0.859132826,0.070461169,0.070406042,0
790,0,0.632120559,0,0.913212836,0.043424919,0.0433622,0
791,0,0.39346934,0,0.936982393,0.031536255,0.031481374,0
792,0,0.39346934,0,0.774482489,0.112849355,0.112668194,0
793,0,0.39346934,0,0.88656342,0.056784287,0.05665233,0
794,0,0,0,0.661946595,0.169162884,0.168890476,0
795,0,0.39346934,0,0.914625943,0.042736325,0.042637754,0
796,0,0.632120559,0,0.333333343,0.333333343,0.333333343,0
797,0,0,0,0.924725592,0.03767756,0.037596896,0
798,0,0,0,0.661942363,0.169167235,0.168890372,0
799,0,0.632120559,0,0.913893461,0.043097429,0.043009147,0
800,0,0,0,0.766887963,0.116641104,0.116470955,0
801,0,0.39346934,0,0.914626718,0.042718627,0.042654693,0
802,0,0.39346934,0,0.774445117,0.112900503,0.112654358,0
803,0,0.632120559,0,0.914743364,0.042697519,0.042559166,0
804,0,0.39346934,0,0.64169836,0.179319009,0.178982615,0
805,0,0.632120559,0,0.903026164,0.048537437,0.048436403,0
806,0,0.77686984,0,0.914115846,0.042980962,0.042903189,0
807,0,0.39346934,0,0.930963159,0.034542389,0.034494393,0
808,0,0,0,0.865343928,0.067401148,0.067254879,0
809,0,0.864664717,0,0.942825854,0.028613511,0.028560646,0
810,0,0,0,0.655263245,0.172652051,0.172084689,0
811,0,0.632120559,0,0.642183185,0.178773895,0.179042906,0
812,0,0,0,0.885342479,0.057372253,0.057285335,0
813,0.550671036,0.632120559,0,0.901034594,0.049517386,0.04944801,0
814,0,0,0,0.947408795,0.026317334,0.026273906,0
815,0.698805788,0.39346934,0,0.885865986,0.057184365,0.056949649,0
816,0,0,0,0.913744509,0.043159902,0.043095607,0
817,0,0.864664717,0.17,0.885261595,0.057438571,0.05729983,0
818,0.798103482,0.632120559,0,0.943293691,0.028389998,0.028316317,0
819,0.698805788,0,0,0.776546538,0.112001568,0.111451924,0
820,0.550671036,0.632120559,0,0.932505071,0.033803854,0.033691037,0
821,0,0.39346934,0,0.881635249,0.059193417,0.059171315,0
822,0.798103482,0.77686984,0,0.947572589,0.026254317,0.02617305,0
823,0.550671036,0.39346934,0,0.950794458,0.024622899,0.024582595,0
824,0.550671036,0.39346934,0,0.923526585,0.038274951,0.038198482,0
825,0.550671036,0.39346934,0,0.931410372,0.034337554,0.034252077,0
826,0,0.39346934,0,0.942963898,0.028546009,0.028490076,0
827,0.550671036,0.864664717,0,0.956954896,0.02154397,0.021501161,0
828,0.550671036,0.632120559,0,0.950924456,0.024559934,0.024515634,0
829,0,0.39346934,0,0.861257136,0.069435984,0.069306925,0
830,0,0.77686984,0.17,0.930096626,0.034980386,0.034922969,0
831,0,0.632120559,0,0.937631667,0.031226715,0.031141598,0
832,0,0,0,0.931018949,0.034532022,0.034449,0
833,0.550671036,0.864664717,0.17,0.931618333,0.034234632,0.034147102,0
834,0,0.39346934,0,0.943445981,0.028311539,0.028242424,0
835,0,0.917915001,0.17,0.938401699,0.030853992,0.030744322,0
836,0.550671036,0.39346934,0,0.956943631,0.021550434,0.02150592,0
837,0,0.39346934,0,0.938355803,0.030868199,0.030776009,0
838,0,0.39346934,0,0.774678051,0.112996869,0.112325139,0
839,0,0.969802617,0.17,0.92325151,0.038416769,0.038331691,0
840,0,0.39346934,0,0.92373091,0.038182702,0.038086388,0
841,0,0.39346934,0,0.828207791,0.085972376,0.085819833,0
842,0,0.632120559,0,0.938386858,0.030860029,0.030753072,0
843,0,0,0,0.642268002,0.178797781,0.178934202,0
844,0.550671036,0.39346934,0,0.943393707,0.028332403,0.028273921,0
845,0.550671036,0.39346934,0,0.902478099,0.048796039,0.048725892,0
846,0,0.39346934,0,0.887761354,0.056196481,0.056042165,0
847,0.698805788,0.39346934,0,0.93236351,0.0338674,0.033769105,0
848,0,0,0,0.775969148,0.112205274,0.111825585,0
849,0,0.632120559,0.17,0.883086145,0.058496352,0.058417451,0
850,0,0.77686984,0,0.913432598,0.043328669,0.043238729,0
851,0,0.632120559,0,0.942598283,0.028725727,0.028675951,0
852,0,0.632120559,0,0.937476933,0.031297132,0.031225931,0
853,0,0,0,0.88414222,0.057981621,0.057876125,0
854,0.798103482,0.39346934,0,0.831466079,0.084419616,0.084114298,0
855,0,0.77686984,0,0.922850072,0.038609374,0.038540527,0
856,0,0.632120559,0,0.931089163,0.034495667,0.034415197,0
857,0,0,0,0.923260927,0.038409702,0.038329367,0
858,0,0.39346934,0,0.860363722,0.069863819,0.069772452,0
859,0,0.39346934,0,0.828921139,0.085634761,0.0854441,0
860,0,0.39346934,0,0.766906619,0.116580114,0.116513267,0
861,0,0.77686984,0.17,0.864953756,0.067639023,0.067407191,0
862,0,0,0,0.769768,0.115193874,0.115038119,0
863,0,0.39346934,0,0.859703302,0.070184879,0.070111789,0
864,0,0,0,0.828832686,0.085673474,0.085493848,0
865,0,0.632120559,0,0.885974109,0.057098486,0.056927375,0
866,0,0.632120559,0,0.830937445,0.084642358,0.084420159,0
867,0,0,0,0.828971744,0.085643418,0.085384808,0
868,0,0,0,0.775294065,0.112509869,0.112196103,0
869,0,0.632120559,0,0.857895911,0.071063191,0.071040899,0
870,0,0,0,0.827664435,0.086233839,0.086101741,0
871,0,0.632120559,0,0.922970295,0.03854344,0.038486261,0
872,0,0.632120559,0,0.8293823,0.085412793,0.085204862,0
873,0,0.632120559,0,0.860826313,0.069640182,0.069533527,0
874,0.909282047,0.39346934,0,0.824849844,0.08765205,0.087498128,0
875,0,0.39346934,0,0.769666374,0.115237899,0.115095757,0
876,0,0.632120559,0,0.903023362,0.048554253,0.048422359,0
877,0,0.77686984,0,0.942678213,0.028685099,0.028636664,0
878,0,0.864664717,0,0.886859655,0.056667361,0.056472976,0
879,0,0.39346934,0,0.83165437,0.084323354,0.084022284,0
880,0,0.864664717,0.17,0.902278304,0.048919123,0.048802551,0
881,0,0.39346934,0,0.961847842,0.019096989,0.019055136,0
882,0.550671036,0.632120559,0,0.861500621,0.069298901,0.069200434,0
883,0.550671036,0.864664717,0.17,0.923833847,0.038126238,0.038039912,0
884,0,0,0,0.902305365,0.048896115,0.048798524,0
885,0.550671036,0.39346934,0,0.942893803,0.028587699,0.028518492,0
886,0,0.39346934,0,0.861655772,0.069244616,0.069099613,0
887,0,0.632120559,0,0.901177227,0.04946731,0.049355466,0
888,0,0.39346934,0,0.830914974,0.084722713,0.084362291,0
889,0,0.864664717,0.17,0.9144364,0.042813979,0.042749662,0
890,0.329679954,0.39346934,0,0.9504565,0.024788639,0.024754884,0
891,0,0.632120559,0,0.930475056,0.03479046,0.03473451,0
892,0.550671036,0.917915001,0,0.903113425,0.048526883,0.048359714,0
893,0,0.632120559,0,0.936993659,0.031534523,0.031471826,0
894,0,0.632120559,0,0.862980723,0.068570115,0.068449184,0
895,0.698805788,0.39346934,0,0.914135158,0.042978521,0.042886309,0
896,0,0.39346934,0,0.76245755,0.118764132,0.118778318,0
897,0,0.864664717,0.17,0.914851189,0.042647678,0.042501111,0
898,0,0.77686984,0,0.936556876,0.031745385,0.031697702,0
899,0.698805788,0,0,0.923976123,0.03805127,0.037972637,0
900,0.550671036,0.632120559,0,0.931037009,0.034513216,0.034449738,0
901,0.550671036,0,0,0.865075529,0.067562886,0.067361586,0
902,0.798103482,0.632120559,0,0.923188448,0.038439721,0.038371783,0
903,0,0,0,0.886138618,0.056981813,0.056879584,0
904,0,0.39346934,0,0.825998366,0.087083362,0.086918265,0
905,0.550671036,0,0,0.865088105,0.067553401,0.067358501,0
906,0,0.39346934,0,0.857815862,0.071113944,0.071070164,0
907,0,0.77686984,0,0.913732588,0.043178637,0.043088775,0
908,0,0.632120559,0.17,0.863742769,0.068213224,0.068044007,0
909,0.698805788,0.917915001,0.17,0.956660211,0.021685051,0.021654775,0
910,0,0.864664717,0,0.942214787,0.028915575,0.028869605,0
911,0.550671036,0.39346934,0,0.924928844,0.037601836,0.037469335,0
912,0,0.950212932,0,0.943163335,0.02845718,0.028379545,0
913,0.798103482,0.864664717,0.17,0.947101712,0.026474437,0.026423886,0
914,0,0.632120559,0,0.885982573,0.057062332,0.056955121,0
915,0,0.917915001,0.17,0.902117968,0.049021609,0.048860408,0
916,0.329679954,0.39346934,0,0.902328491,0.048904598,0.048766945,0
917,0,0.39346934,0,0.886820734,0.056685984,0.056493282,0
918,0,0.632120559,0.17,0.913800001,0.043161862,0.043038145,0
919,0.329679954,0.77686984,0,0.93216157,0.033975173,0.033863239,0
920,0,0.77686984,0.17,0.642138243,0.178769752,0.179091975,0
921,0,0.77686984,0,0.924033284,0.038034905,0.037931819,0
922,0,0,0,0.9465065,0.026771121,0.026722377,0
923,0,0.39346934,0,0.914531708,0.042788185,0.042680133,0
924,0.798103482,0.77686984,0,0.942291021,0.028876401,0.028832534,0
925,0,0.632120559,0,0.915056765,0.042522825,0.042420432,0
926,0.798103482,0.632120559,0,0.938542545,0.030781772,0.03067575,0
927,0.550671036,0,0,0.942932069,0.028566772,0.028501187,0
928,0,0.632120559,0,0.924388111,0.037860878,0.037751,0
929,0,0.39346934,0,0.775872111,0.112294428,0.111833453,0
930,0,0,0,0.64136523,0.179411888,0.179222882,0
931,0.698805788,0.77686984,0,0.775655746,0.112339936,0.112004332,0
932,0,0.39346934,0,0.937092721,0.031480759,0.031426556,0
933,0.550671036,0.632120559,0,0.924799621,0.037663233,0.037537158,0
934,0,0.917915001,0.17,0.913487017,0.043293778,0.043219227,0
935,0.550671036,0.632120559,0,0.924844086,0.037638292,0.037517648,0
936,0,0.632120559,0,0.913823843,0.04313425,0.043041881,0
937,0.550671036,0.39346934,0,0.931343555,0.034358222,0.034298241,0
938,0.864664717,0.39346934,0,0.864923418,0.067628652,0.067447916,0
939,0.550671036,0.632120559,0.17,0.924158931,0.037969656,0.037871487,0
940,0.550671036,0.39346934,0,0.914732337,0.0426872,0.042580429,0
941,0.550671036,0.632120559,0.17,0.93093586,0.034578744,0.034485362,0
942,0,0.39346934,0,0.929610729,0.03521397,0.035175316,0
943,0.864664717,0.864664717,0,0.924093485,0.038001809,0.037904728,0
944,0.550671036,0.77686984,0.17,0.915604234,0.042256463,0.042139284,0
945,0,0,0,0.900407195,0.049813561,0.049779199,0
946,0,0.77686984,0.17,0.930962443,0.034550682,0.034486856,0
947,0,0.39346934,0,0.863497913,0.068336584,0.068165474,0
948,0,0.39346934,0,0.914638221,0.042721301,0.042640503,0
949,0,0,0,0.924117029,0.037979707,0.037903272,0
950,0.698805788,0.632120559,0,0.965497315,0.017265934,0.017236723,0
951,0,0.632120559,0,0.96164012,0.019200565,0.019159276,0
952,0.698805788,0.864664717,0,0.946871936,0.026599282,0.026528798,0
953,0,0.39346934,0,0.922652245,0.038702887,0.03864491,0
954,0.909282047,0.77686984,0.17,0.915774107,0.042181391,0.042044505,0
955,0,0.632120559,0,0.922086596,0.038973849,0.038939506,0
956,0.550671036,0.77686984,0.17,0.9006598,0.049692273,0.04964792,0
957,0.550671036,0.77686984,0,0.660111427,0.17021738,0.169671193,0
958,0,0,0,0.922700584,0.038677286,0.038622126,0
959,0,0,0,0.900488675,0.049791474,0.04971981,0
960,0,0.632120559,0.17,0.899354517,0.050345514,0.050299939,0
961,0.550671036,0.77686984,0,0.943684399,0.028208043,0.028107548,0
962,0.550671036,0.632120559,0,0.946675718,0.02668564,0.02663861,0
963,0.798103482,0.632120559,0,0.947922528,0.026070394,0.02600706,0
964,0,0.632120559,0,0.942647278,0.028701948,0.028650768,0
965,0,0.632120559,0,0.932561815,0.033763811,0.033674389,0
966,0.909282047,0.39346934,0,0.937834442,0.031111386,0.031054188,0
967,0,0.632120559,0,0.932026803,0.034039605,0.03393358,0
968,0.798103482,0.632120559,0.17,0.930555403,0.034745809,0.034698747,0
969,0,0.77686984,0,0.924316287,0.03789065,0.037793078,0
970,0,0.39346934,0,0.901730478,0.049175557,0.049093958,0
971,0,0.77686984,0,0.862760007,0.068685606,0.068554386,0
972,0,0.39346934,0,0.831985354,0.084168755,0.083845891,0
973,0.550671036,0.632120559,0,0.938190818,0.030951135,0.03085804,0
974,0,0.77686984,0,0.950560033,0.024738556,0.024701465,0
975,0,0.632120559,0,0.937405169,0.031326704,0.031268112,0
976,0.698805788,0.632120559,0,0.925166428,0.037480403,0.037353225,0
977,0,0,0,0.947036386,0.026514105,0.026449487,0
978,0,0.632120559,0,0.859155536,0.070449375,0.07039506,0
979,0,0.632120559,0,0.913211167,0.043425824,0.043363012,0
980,0,0.39346934,0,0.936982334,0.031536922,0.031480785,0
981,0,0.39346934,0,0.774496436,0.112841383,0.112662204,0
982,0,0.39346934,0,0.886567056,0.056781769,0.056651168,0
983,0,0,0,0.661952019,0.16915971,0.168888256,0
984,0,0.39346934,0,0.914626062,0.042736046,0.042637918,0
985,0,0.632120559,0,0.333333343,0.333333343,0.333333343,0
986,0,0,0,0.924725473,0.037677906,0.037596583,0
987,0,0,0,0.661929429,0.169172406,0.16889815,0
988,0,0.632120559,0,0.913892865,0.043095015,0.043012138,0
989,0,0,0,0.76683408,0.116663873,0.116502076,0
990,0,0.39346934,0,0.9146263,0.042719007,0.042654727,0
991,0,0.39346934,0,0.774468839,0.112887077,0.112644151,0
992,0,0.632120559,0,0.91475606,0.042688191,0.042555783,0
993,0,0.39346934,0,0.641631186,0.179364145,0.179004654,0
994,0,0.632120559,0,0.903027415,0.048536416,0.048436191,0
995,0,0.77686984,0,0.914114952,0.042982224,0.042902857,0
996,0,0.39346934,0,0.930961251,0.034544162,0.034494605,0
997,0,0,0,0.86534822,0.067397848,0.06725388,0
998,0,0.864664717,0,0.942825019,0.028613601,0.028561348,0
999,0,0,0,0.655243814,0.172663003,0.172093213,0
1000,0,0.632120559,0,0.642193019,0.178769127,0.179037884,0
1001,0,0,0,0.885347605,0.057369318,0.0572831,0
1002,0.550671036,0.632120559,0,0.901012063,0.049526691,0.049461223,0
1003,0,0,0,0.947407365,0.026318058,0.026274538,0
1004,0.698805788,0.39346934,0,0.885866404,0.057183817,0.056949787,0
1005,0,0,0,0.913741171,0.043163981,0.043094851,0
1006,0,0.864664717,0.17,0.885265172,0.057436708,0.057298128,0
1007,0.798103482,0.632120559,0,0.943293512,0.028390089,0.028316367,0
1008,0.698805788,0,0,0.776547968,0.112000152,0.111451864,0
1009,0.550671036,0.632120559,0,0.932504892,0.033803992,0.033691078,0
1010,0,0.39346934,0,0.881628394,0.059194922,0.059176669,0
1011,0.798103482,0.77686984,0,0.94757247,0.026254358,0.026173173,0
1012,0.550671036,0.39346934,0,0.950794756,0.024622999,0.024582244,0
1013,0.550671036,0.39346934,0,0.923522472,0.038278122,0.038199458,0
1014,0.550671036,0.39346934,0,0.931412578,0.034336623,0.034250773,0
1015,0,0.39346934,0,0.942963421,0.028546361,0.028490247,0
1016,0.550671036,0.864664717,0,0.956954837,0.021544205,0.021500954,0
1017,0.550671036,0.632120559,0,0.950932264,0.024554512,0.024513185,0
1018,0,0.39346934,0,0.861256659,0.069437325,0.069306031,0
1019,0,0.77686984,0.17,0.93008399,0.034988016,0.034928024,0
1020,0,0.632120559,0,0.937634587,0.031224646,0.031140761,0
1021,0,0,0,0.931017697,0.034534425,0.034447849,0
1022,0.550671036,0.864664717,0.17,0.931615472,0.034236498,0.034148045,0
1023,0,0.39346934,0,0.94344312,0.028314237,0.028242631,0
1024,0,0.917915001,0.17,0.93840158,0.030854199,0.030744204,0
1025,0.550671036,0.39346934,0,0.956937551,0.021552563,0.021509867,0
1026,0,0.39346934,0,0.938354313,0.030869745,0.030775957,0
1027,0,0.39346934,0,0.774683654,0.112992272,0.112324066,0
1028,0,0.969802617,0.17,0.923253775,0.038417213,0.038329042,0
1029,0,0.39346934,0,0.923731327,0.03818294,0.03808571,0
1030,0,0.39346934,0,0.828208029,0.085972667,0.085819319,0
1031,0,0.632120559,0,0.938385069,0.030861689,0.03075327,0
1032,0,0,0,0.642360032,0.1787536,0.178886384,0
1033,0.550671036,0.39346934,0,0.943387568,0.028336419,0.028276024,0
1034,0.550671036,0.39346934,0,0.902463853,0.048804894,0.04873126,0
1035,0,0.39346934,0,0.887762427,0.056195945,0.056041632,0
1036,0.698805788,0.39346934,0,0.932362854,0.033868164,0.033769015,0
1037,0,0,0,0.77596873,0.112205654,0.111825615,0
1038,0,0.632120559,0.17,0.883075476,0.058500025,0.058424536,0
1039,0,0.77686984,0,0.913452208,0.043316573,0.043231223,0
1040,0,0.632120559,0,0.942599356,0.02872489,0.02867577,0
1041,0,0.632120559,0,0.937474787,0.031297274,0.031227943,0
1042,0,0,0,0.884117484,0.057991818,0.057890646,0
1043,0.798103482,0.39346934,0,0.831466496,0.084419303,0.084114224,0
1044,0,0.77686984,0,0.922846258,0.038609982,0.038543768,0
1045,0,0.632120559,0,0.931088746,0.034496266,0.034414932,0
1046,0,0,0,0.923262119,0.038408164,0.038329754,0
1047,0,0.39346934,0,0.860364795,0.069864005,0.069771156,0
1048,0,0.39346934,0,0.828918874,0.085635744,0.085445419,0
1049,0,0.39346934,0,0.766905189,0.116583169,0.116511673,0